id,review_id,user_id,is_helpful,created_at,updated_at
rv_001,rev_001,usr_002,true,2026-05-15T00:00:00Z,2026-05-15T00:00:00Z
rv_002,rev_002,usr_003,true,2026-05-15T00:00:00Z,2026-05-15T00:00:00Z
rv_003,rev_003,usr_004,true,2026-05-15T00:00:00Z,2026-05-15T00:00:00Z
rv_004,rev_004,usr_005,true,2026-05-15T00:00:00Z,2026-05-15T00:00:00Z
rv_005,rev_005,usr_006,true,2026-05-15T00:00:00Z,2026-05-15T00:00:00Z
rv_006,rev_006,usr_007,true,2026-05-15T00:00:00Z,2026-05-15T00:00:00Z
rv_007,rev_007,usr_008,true,2026-05-15T00:00:00Z,2026-05-15T00:00:00Z
rv_008,rev_008,usr_009,true,2026-05-15T00:00:00Z,2026-05-15T00:00:00Z
rv_009,rev_009,usr_010,true,2026-05-15T00:00:00Z,2026-05-15T00:00:00Z
rv_010,rev_010,usr_011,true,2026-05-15T00:00:00Z,2026-05-15T00:00:00Z
rv_011,rev_011,usr_012,true,2026-05-15T00:00:00Z,2026-05-15T00:00:00Z
rv_012,rev_012,usr_013,true,2026-05-15T00:00:00Z,2026-05-15T00:00:00Z
rv_013,rev_013,usr_014,true,2026-05-15T00:00:00Z,2026-05-15T00:00:00Z
rv_014,rev_014,usr_015,true,2026-05-15T00:00:00Z,2026-05-15T00:00:00Z
rv_015,rev_015,usr_016,true,2026-05-15T00:00:00Z,2026-05-15T00:00:00Z
rv_016,rev_016,usr_017,true,2026-05-15T00:00:00Z,2026-05-15T00:00:00Z
rv_017,rev_017,usr_018,true,2026-05-15T00:00:00Z,2026-05-15T00:00:00Z
rv_018,rev_018,usr_019,true,2026-05-15T00:00:00Z,2026-05-15T00:00:00Z
rv_019,rev_019,usr_020,true,2026-05-15T00:00:00Z,2026-05-15T00:00:00Z
rv_020,rev_020,usr_021,true,2026-05-15T00:00:00Z,2026-05-15T00:00:00Z
rv_021,rev_021,usr_022,true,2026-05-15T00:00:00Z,2026-05-15T00:00:00Z
rv_022,rev_022,usr_023,true,2026-05-15T00:00:00Z,2026-05-15T00:00:00Z
rv_023,rev_023,usr_024,true,2026-05-15T00:00:00Z,2026-05-15T00:00:00Z
rv_024,rev_024,usr_025,true,2026-05-15T00:00:00Z,2026-05-15T00:00:00Z
rv_025,rev_025,usr_026,true,2026-05-15T00:00:00Z,2026-05-15T00:00:00Z
rv_026,rev_026,usr_027,true,2026-05-15T00:00:00Z,2026-05-15T00:00:00Z
rv_027,rev_027,usr_028,true,2026-05-15T00:00:00Z,2026-05-15T00:00:00Z
rv_028,rev_028,usr_029,true,2026-05-15T00:00:00Z,2026-05-15T00:00:00Z
rv_029,rev_029,usr_030,true,2026-05-15T00:00:00Z,2026-05-15T00:00:00Z
rv_030,rev_030,usr_031,true,2026-05-15T00:00:00Z,2026-05-15T00:00:00Z
rv_031,rev_031,usr_032,true,2026-05-15T00:00:00Z,2026-05-15T00:00:00Z
rv_032,rev_032,usr_033,true,2026-05-15T00:00:00Z,2026-05-15T00:00:00Z
rv_033,rev_033,usr_034,true,2026-05-15T00:00:00Z,2026-05-15T00:00:00Z
rv_034,rev_034,usr_035,true,2026-05-15T00:00:00Z,2026-05-15T00:00:00Z
rv_035,rev_035,usr_036,true,2026-05-15T00:00:00Z,2026-05-15T00:00:00Z
rv_036,rev_036,usr_037,true,2026-05-15T00:00:00Z,2026-05-15T00:00:00Z
rv_037,rev_037,usr_038,true,2026-05-15T00:00:00Z,2026-05-15T00:00:00Z
rv_038,rev_038,usr_039,true,2026-05-15T00:00:00Z,2026-05-15T00:00:00Z
rv_039,rev_039,usr_040,true,2026-05-15T00:00:00Z,2026-05-15T00:00:00Z
rv_040,rev_040,usr_041,true,2026-05-15T00:00:00Z,2026-05-15T00:00:00Z
rv_041,rev_041,usr_042,true,2026-05-15T00:00:00Z,2026-05-15T00:00:00Z
rv_042,rev_042,usr_043,true,2026-05-15T00:00:00Z,2026-05-15T00:00:00Z
rv_043,rev_043,usr_044,true,2026-05-15T00:00:00Z,2026-05-15T00:00:00Z
rv_044,rev_044,usr_045,true,2026-05-15T00:00:00Z,2026-05-15T00:00:00Z
rv_045,rev_045,usr_046,true,2026-05-15T00:00:00Z,2026-05-15T00:00:00Z
rv_046,rev_046,usr_047,true,2026-05-15T00:00:00Z,2026-05-15T00:00:00Z
rv_047,rev_047,usr_048,true,2026-05-15T00:00:00Z,2026-05-15T00:00:00Z
rv_048,rev_048,usr_049,true,2026-05-15T00:00:00Z,2026-05-15T00:00:00Z
rv_049,rev_049,usr_050,true,2026-05-15T00:00:00Z,2026-05-15T00:00:00Z
rv_050,rev_050,usr_051,true,2026-05-15T00:00:00Z,2026-05-15T00:00:00Z
rv_051,rev_051,usr_052,true,2026-05-15T00:00:00Z,2026-05-15T00:00:00Z
rv_052,rev_052,usr_053,true,2026-05-15T00:00:00Z,2026-05-15T00:00:00Z
rv_053,rev_053,usr_054,true,2026-05-15T00:00:00Z,2026-05-15T00:00:00Z
rv_054,rev_054,usr_055,true,2026-05-15T00:00:00Z,2026-05-15T00:00:00Z
rv_055,rev_055,usr_056,true,2026-05-15T00:00:00Z,2026-05-15T00:00:00Z
rv_056,rev_056,usr_057,true,2026-05-15T00:00:00Z,2026-05-15T00:00:00Z
rv_057,rev_057,usr_058,true,2026-05-15T00:00:00Z,2026-05-15T00:00:00Z
rv_058,rev_058,usr_059,true,2026-05-15T00:00:00Z,2026-05-15T00:00:00Z
rv_059,rev_059,usr_060,true,2026-05-15T00:00:00Z,2026-05-15T00:00:00Z
rv_060,rev_060,usr_061,true,2026-05-15T00:00:00Z,2026-05-15T00:00:00Z
rv_061,rev_061,usr_062,true,2026-05-15T00:00:00Z,2026-05-15T00:00:00Z
rv_062,rev_062,usr_063,true,2026-05-15T00:00:00Z,2026-05-15T00:00:00Z
rv_063,rev_063,usr_064,true,2026-05-15T00:00:00Z,2026-05-15T00:00:00Z
rv_064,rev_064,usr_065,true,2026-05-15T00:00:00Z,2026-05-15T00:00:00Z
rv_065,rev_065,usr_066,true,2026-05-15T00:00:00Z,2026-05-15T00:00:00Z
rv_066,rev_066,usr_067,true,2026-05-15T00:00:00Z,2026-05-15T00:00:00Z
rv_067,rev_067,usr_068,true,2026-05-15T00:00:00Z,2026-05-15T00:00:00Z
rv_068,rev_068,usr_069,true,2026-05-15T00:00:00Z,2026-05-15T00:00:00Z
rv_069,rev_069,usr_070,true,2026-05-15T00:00:00Z,2026-05-15T00:00:00Z
rv_070,rev_070,usr_071,true,2026-05-15T00:00:00Z,2026-05-15T00:00:00Z
rv_071,rev_071,usr_072,true,2026-05-15T00:00:00Z,2026-05-15T00:00:00Z
rv_072,rev_072,usr_073,true,2026-05-15T00:00:00Z,2026-05-15T00:00:00Z
rv_073,rev_073,usr_074,true,2026-05-15T00:00:00Z,2026-05-15T00:00:00Z
rv_074,rev_074,usr_075,true,2026-05-15T00:00:00Z,2026-05-15T00:00:00Z
rv_075,rev_075,usr_076,true,2026-05-15T00:00:00Z,2026-05-15T00:00:00Z
rv_076,rev_076,usr_077,true,2026-05-15T00:00:00Z,2026-05-15T00:00:00Z
rv_077,rev_077,usr_078,true,2026-05-15T00:00:00Z,2026-05-15T00:00:00Z
rv_078,rev_078,usr_079,true,2026-05-15T00:00:00Z,2026-05-15T00:00:00Z
rv_079,rev_079,usr_080,true,2026-05-15T00:00:00Z,2026-05-15T00:00:00Z
rv_080,rev_080,usr_081,true,2026-05-15T00:00:00Z,2026-05-15T00:00:00Z
rv_081,rev_081,usr_082,true,2026-05-15T00:00:00Z,2026-05-15T00:00:00Z
rv_082,rev_082,usr_083,true,2026-05-15T00:00:00Z,2026-05-15T00:00:00Z
rv_083,rev_083,usr_084,true,2026-05-15T00:00:00Z,2026-05-15T00:00:00Z
rv_084,rev_084,usr_085,true,2026-05-15T00:00:00Z,2026-05-15T00:00:00Z
rv_085,rev_085,usr_086,true,2026-05-15T00:00:00Z,2026-05-15T00:00:00Z
rv_086,rev_086,usr_087,true,2026-05-15T00:00:00Z,2026-05-15T00:00:00Z
rv_087,rev_087,usr_088,true,2026-05-15T00:00:00Z,2026-05-15T00:00:00Z
rv_088,rev_088,usr_089,true,2026-05-15T00:00:00Z,2026-05-15T00:00:00Z
rv_089,rev_089,usr_090,true,2026-05-15T00:00:00Z,2026-05-15T00:00:00Z
rv_090,rev_090,usr_091,true,2026-05-15T00:00:00Z,2026-05-15T00:00:00Z
rv_091,rev_091,usr_092,true,2026-05-15T00:00:00Z,2026-05-15T00:00:00Z
rv_092,rev_092,usr_093,true,2026-05-15T00:00:00Z,2026-05-15T00:00:00Z
rv_093,rev_093,usr_094,true,2026-05-15T00:00:00Z,2026-05-15T00:00:00Z
rv_094,rev_094,usr_095,true,2026-05-15T00:00:00Z,2026-05-15T00:00:00Z
rv_095,rev_095,usr_096,true,2026-05-15T00:00:00Z,2026-05-15T00:00:00Z
rv_096,rev_096,usr_097,true,2026-05-15T00:00:00Z,2026-05-15T00:00:00Z
rv_097,rev_097,usr_098,true,2026-05-15T00:00:00Z,2026-05-15T00:00:00Z
rv_098,rev_098,usr_099,true,2026-05-15T00:00:00Z,2026-05-15T00:00:00Z
rv_099,rev_099,usr_100,true,2026-05-15T00:00:00Z,2026-05-15T00:00:00Z
rv_100,rev_100,usr_001,true,2026-05-15T00:00:00Z,2026-05-15T00:00:00Z
