id,review_id,url,sort_order,created_at
ri_001_1,rev_001,https://cdn.example.com/reviews/rev_001_1.jpg,0,2026-05-15T00:00:00Z
ri_001_2,rev_001,https://cdn.example.com/reviews/rev_001_2.jpg,1,2026-05-15T00:00:00Z
ri_002_1,rev_002,https://cdn.example.com/reviews/rev_002_1.jpg,0,2026-05-15T00:00:00Z
ri_002_2,rev_002,https://cdn.example.com/reviews/rev_002_2.jpg,1,2026-05-15T00:00:00Z
ri_003_1,rev_003,https://cdn.example.com/reviews/rev_003_1.jpg,0,2026-05-15T00:00:00Z
ri_003_2,rev_003,https://cdn.example.com/reviews/rev_003_2.jpg,1,2026-05-15T00:00:00Z
ri_004_1,rev_004,https://cdn.example.com/reviews/rev_004_1.jpg,0,2026-05-15T00:00:00Z
ri_004_2,rev_004,https://cdn.example.com/reviews/rev_004_2.jpg,1,2026-05-15T00:00:00Z
ri_005_1,rev_005,https://cdn.example.com/reviews/rev_005_1.jpg,0,2026-05-15T00:00:00Z
ri_005_2,rev_005,https://cdn.example.com/reviews/rev_005_2.jpg,1,2026-05-15T00:00:00Z
ri_006_1,rev_006,https://cdn.example.com/reviews/rev_006_1.jpg,0,2026-05-15T00:00:00Z
ri_006_2,rev_006,https://cdn.example.com/reviews/rev_006_2.jpg,1,2026-05-15T00:00:00Z
ri_007_1,rev_007,https://cdn.example.com/reviews/rev_007_1.jpg,0,2026-05-15T00:00:00Z
ri_007_2,rev_007,https://cdn.example.com/reviews/rev_007_2.jpg,1,2026-05-15T00:00:00Z
ri_008_1,rev_008,https://cdn.example.com/reviews/rev_008_1.jpg,0,2026-05-15T00:00:00Z
ri_008_2,rev_008,https://cdn.example.com/reviews/rev_008_2.jpg,1,2026-05-15T00:00:00Z
ri_009_1,rev_009,https://cdn.example.com/reviews/rev_009_1.jpg,0,2026-05-15T00:00:00Z
ri_009_2,rev_009,https://cdn.example.com/reviews/rev_009_2.jpg,1,2026-05-15T00:00:00Z
ri_010_1,rev_010,https://cdn.example.com/reviews/rev_010_1.jpg,0,2026-05-15T00:00:00Z
ri_010_2,rev_010,https://cdn.example.com/reviews/rev_010_2.jpg,1,2026-05-15T00:00:00Z
ri_011_1,rev_011,https://cdn.example.com/reviews/rev_011_1.jpg,0,2026-05-15T00:00:00Z
ri_011_2,rev_011,https://cdn.example.com/reviews/rev_011_2.jpg,1,2026-05-15T00:00:00Z
ri_012_1,rev_012,https://cdn.example.com/reviews/rev_012_1.jpg,0,2026-05-15T00:00:00Z
ri_012_2,rev_012,https://cdn.example.com/reviews/rev_012_2.jpg,1,2026-05-15T00:00:00Z
ri_013_1,rev_013,https://cdn.example.com/reviews/rev_013_1.jpg,0,2026-05-15T00:00:00Z
ri_013_2,rev_013,https://cdn.example.com/reviews/rev_013_2.jpg,1,2026-05-15T00:00:00Z
ri_014_1,rev_014,https://cdn.example.com/reviews/rev_014_1.jpg,0,2026-05-15T00:00:00Z
ri_014_2,rev_014,https://cdn.example.com/reviews/rev_014_2.jpg,1,2026-05-15T00:00:00Z
ri_015_1,rev_015,https://cdn.example.com/reviews/rev_015_1.jpg,0,2026-05-15T00:00:00Z
ri_015_2,rev_015,https://cdn.example.com/reviews/rev_015_2.jpg,1,2026-05-15T00:00:00Z
ri_016_1,rev_016,https://cdn.example.com/reviews/rev_016_1.jpg,0,2026-05-15T00:00:00Z
ri_016_2,rev_016,https://cdn.example.com/reviews/rev_016_2.jpg,1,2026-05-15T00:00:00Z
ri_017_1,rev_017,https://cdn.example.com/reviews/rev_017_1.jpg,0,2026-05-15T00:00:00Z
ri_017_2,rev_017,https://cdn.example.com/reviews/rev_017_2.jpg,1,2026-05-15T00:00:00Z
ri_018_1,rev_018,https://cdn.example.com/reviews/rev_018_1.jpg,0,2026-05-15T00:00:00Z
ri_018_2,rev_018,https://cdn.example.com/reviews/rev_018_2.jpg,1,2026-05-15T00:00:00Z
ri_019_1,rev_019,https://cdn.example.com/reviews/rev_019_1.jpg,0,2026-05-15T00:00:00Z
ri_019_2,rev_019,https://cdn.example.com/reviews/rev_019_2.jpg,1,2026-05-15T00:00:00Z
ri_020_1,rev_020,https://cdn.example.com/reviews/rev_020_1.jpg,0,2026-05-15T00:00:00Z
ri_020_2,rev_020,https://cdn.example.com/reviews/rev_020_2.jpg,1,2026-05-15T00:00:00Z
ri_021_1,rev_021,https://cdn.example.com/reviews/rev_021_1.jpg,0,2026-05-15T00:00:00Z
ri_021_2,rev_021,https://cdn.example.com/reviews/rev_021_2.jpg,1,2026-05-15T00:00:00Z
ri_022_1,rev_022,https://cdn.example.com/reviews/rev_022_1.jpg,0,2026-05-15T00:00:00Z
ri_022_2,rev_022,https://cdn.example.com/reviews/rev_022_2.jpg,1,2026-05-15T00:00:00Z
ri_023_1,rev_023,https://cdn.example.com/reviews/rev_023_1.jpg,0,2026-05-15T00:00:00Z
ri_023_2,rev_023,https://cdn.example.com/reviews/rev_023_2.jpg,1,2026-05-15T00:00:00Z
ri_024_1,rev_024,https://cdn.example.com/reviews/rev_024_1.jpg,0,2026-05-15T00:00:00Z
ri_024_2,rev_024,https://cdn.example.com/reviews/rev_024_2.jpg,1,2026-05-15T00:00:00Z
ri_025_1,rev_025,https://cdn.example.com/reviews/rev_025_1.jpg,0,2026-05-15T00:00:00Z
ri_025_2,rev_025,https://cdn.example.com/reviews/rev_025_2.jpg,1,2026-05-15T00:00:00Z
ri_026_1,rev_026,https://cdn.example.com/reviews/rev_026_1.jpg,0,2026-05-15T00:00:00Z
ri_026_2,rev_026,https://cdn.example.com/reviews/rev_026_2.jpg,1,2026-05-15T00:00:00Z
ri_027_1,rev_027,https://cdn.example.com/reviews/rev_027_1.jpg,0,2026-05-15T00:00:00Z
ri_027_2,rev_027,https://cdn.example.com/reviews/rev_027_2.jpg,1,2026-05-15T00:00:00Z
ri_028_1,rev_028,https://cdn.example.com/reviews/rev_028_1.jpg,0,2026-05-15T00:00:00Z
ri_028_2,rev_028,https://cdn.example.com/reviews/rev_028_2.jpg,1,2026-05-15T00:00:00Z
ri_029_1,rev_029,https://cdn.example.com/reviews/rev_029_1.jpg,0,2026-05-15T00:00:00Z
ri_029_2,rev_029,https://cdn.example.com/reviews/rev_029_2.jpg,1,2026-05-15T00:00:00Z
ri_030_1,rev_030,https://cdn.example.com/reviews/rev_030_1.jpg,0,2026-05-15T00:00:00Z
ri_030_2,rev_030,https://cdn.example.com/reviews/rev_030_2.jpg,1,2026-05-15T00:00:00Z
ri_031_1,rev_031,https://cdn.example.com/reviews/rev_031_1.jpg,0,2026-05-15T00:00:00Z
ri_031_2,rev_031,https://cdn.example.com/reviews/rev_031_2.jpg,1,2026-05-15T00:00:00Z
ri_032_1,rev_032,https://cdn.example.com/reviews/rev_032_1.jpg,0,2026-05-15T00:00:00Z
ri_032_2,rev_032,https://cdn.example.com/reviews/rev_032_2.jpg,1,2026-05-15T00:00:00Z
ri_033_1,rev_033,https://cdn.example.com/reviews/rev_033_1.jpg,0,2026-05-15T00:00:00Z
ri_033_2,rev_033,https://cdn.example.com/reviews/rev_033_2.jpg,1,2026-05-15T00:00:00Z
ri_034_1,rev_034,https://cdn.example.com/reviews/rev_034_1.jpg,0,2026-05-15T00:00:00Z
ri_034_2,rev_034,https://cdn.example.com/reviews/rev_034_2.jpg,1,2026-05-15T00:00:00Z
ri_035_1,rev_035,https://cdn.example.com/reviews/rev_035_1.jpg,0,2026-05-15T00:00:00Z
ri_035_2,rev_035,https://cdn.example.com/reviews/rev_035_2.jpg,1,2026-05-15T00:00:00Z
ri_036_1,rev_036,https://cdn.example.com/reviews/rev_036_1.jpg,0,2026-05-15T00:00:00Z
ri_036_2,rev_036,https://cdn.example.com/reviews/rev_036_2.jpg,1,2026-05-15T00:00:00Z
ri_037_1,rev_037,https://cdn.example.com/reviews/rev_037_1.jpg,0,2026-05-15T00:00:00Z
ri_037_2,rev_037,https://cdn.example.com/reviews/rev_037_2.jpg,1,2026-05-15T00:00:00Z
ri_038_1,rev_038,https://cdn.example.com/reviews/rev_038_1.jpg,0,2026-05-15T00:00:00Z
ri_038_2,rev_038,https://cdn.example.com/reviews/rev_038_2.jpg,1,2026-05-15T00:00:00Z
ri_039_1,rev_039,https://cdn.example.com/reviews/rev_039_1.jpg,0,2026-05-15T00:00:00Z
ri_039_2,rev_039,https://cdn.example.com/reviews/rev_039_2.jpg,1,2026-05-15T00:00:00Z
ri_040_1,rev_040,https://cdn.example.com/reviews/rev_040_1.jpg,0,2026-05-15T00:00:00Z
ri_040_2,rev_040,https://cdn.example.com/reviews/rev_040_2.jpg,1,2026-05-15T00:00:00Z
ri_041_1,rev_041,https://cdn.example.com/reviews/rev_041_1.jpg,0,2026-05-15T00:00:00Z
ri_041_2,rev_041,https://cdn.example.com/reviews/rev_041_2.jpg,1,2026-05-15T00:00:00Z
ri_042_1,rev_042,https://cdn.example.com/reviews/rev_042_1.jpg,0,2026-05-15T00:00:00Z
ri_042_2,rev_042,https://cdn.example.com/reviews/rev_042_2.jpg,1,2026-05-15T00:00:00Z
ri_043_1,rev_043,https://cdn.example.com/reviews/rev_043_1.jpg,0,2026-05-15T00:00:00Z
ri_043_2,rev_043,https://cdn.example.com/reviews/rev_043_2.jpg,1,2026-05-15T00:00:00Z
ri_044_1,rev_044,https://cdn.example.com/reviews/rev_044_1.jpg,0,2026-05-15T00:00:00Z
ri_044_2,rev_044,https://cdn.example.com/reviews/rev_044_2.jpg,1,2026-05-15T00:00:00Z
ri_045_1,rev_045,https://cdn.example.com/reviews/rev_045_1.jpg,0,2026-05-15T00:00:00Z
ri_045_2,rev_045,https://cdn.example.com/reviews/rev_045_2.jpg,1,2026-05-15T00:00:00Z
ri_046_1,rev_046,https://cdn.example.com/reviews/rev_046_1.jpg,0,2026-05-15T00:00:00Z
ri_046_2,rev_046,https://cdn.example.com/reviews/rev_046_2.jpg,1,2026-05-15T00:00:00Z
ri_047_1,rev_047,https://cdn.example.com/reviews/rev_047_1.jpg,0,2026-05-15T00:00:00Z
ri_047_2,rev_047,https://cdn.example.com/reviews/rev_047_2.jpg,1,2026-05-15T00:00:00Z
ri_048_1,rev_048,https://cdn.example.com/reviews/rev_048_1.jpg,0,2026-05-15T00:00:00Z
ri_048_2,rev_048,https://cdn.example.com/reviews/rev_048_2.jpg,1,2026-05-15T00:00:00Z
ri_049_1,rev_049,https://cdn.example.com/reviews/rev_049_1.jpg,0,2026-05-15T00:00:00Z
ri_049_2,rev_049,https://cdn.example.com/reviews/rev_049_2.jpg,1,2026-05-15T00:00:00Z
ri_050_1,rev_050,https://cdn.example.com/reviews/rev_050_1.jpg,0,2026-05-15T00:00:00Z
ri_050_2,rev_050,https://cdn.example.com/reviews/rev_050_2.jpg,1,2026-05-15T00:00:00Z
ri_051_1,rev_051,https://cdn.example.com/reviews/rev_051_1.jpg,0,2026-05-15T00:00:00Z
ri_051_2,rev_051,https://cdn.example.com/reviews/rev_051_2.jpg,1,2026-05-15T00:00:00Z
ri_052_1,rev_052,https://cdn.example.com/reviews/rev_052_1.jpg,0,2026-05-15T00:00:00Z
ri_052_2,rev_052,https://cdn.example.com/reviews/rev_052_2.jpg,1,2026-05-15T00:00:00Z
ri_053_1,rev_053,https://cdn.example.com/reviews/rev_053_1.jpg,0,2026-05-15T00:00:00Z
ri_053_2,rev_053,https://cdn.example.com/reviews/rev_053_2.jpg,1,2026-05-15T00:00:00Z
ri_054_1,rev_054,https://cdn.example.com/reviews/rev_054_1.jpg,0,2026-05-15T00:00:00Z
ri_054_2,rev_054,https://cdn.example.com/reviews/rev_054_2.jpg,1,2026-05-15T00:00:00Z
ri_055_1,rev_055,https://cdn.example.com/reviews/rev_055_1.jpg,0,2026-05-15T00:00:00Z
ri_055_2,rev_055,https://cdn.example.com/reviews/rev_055_2.jpg,1,2026-05-15T00:00:00Z
ri_056_1,rev_056,https://cdn.example.com/reviews/rev_056_1.jpg,0,2026-05-15T00:00:00Z
ri_056_2,rev_056,https://cdn.example.com/reviews/rev_056_2.jpg,1,2026-05-15T00:00:00Z
ri_057_1,rev_057,https://cdn.example.com/reviews/rev_057_1.jpg,0,2026-05-15T00:00:00Z
ri_057_2,rev_057,https://cdn.example.com/reviews/rev_057_2.jpg,1,2026-05-15T00:00:00Z
ri_058_1,rev_058,https://cdn.example.com/reviews/rev_058_1.jpg,0,2026-05-15T00:00:00Z
ri_058_2,rev_058,https://cdn.example.com/reviews/rev_058_2.jpg,1,2026-05-15T00:00:00Z
ri_059_1,rev_059,https://cdn.example.com/reviews/rev_059_1.jpg,0,2026-05-15T00:00:00Z
ri_059_2,rev_059,https://cdn.example.com/reviews/rev_059_2.jpg,1,2026-05-15T00:00:00Z
ri_060_1,rev_060,https://cdn.example.com/reviews/rev_060_1.jpg,0,2026-05-15T00:00:00Z
ri_060_2,rev_060,https://cdn.example.com/reviews/rev_060_2.jpg,1,2026-05-15T00:00:00Z
