id,order_id,brand_id,status,subtotal_pkr,tracking_id,created_at,updated_at
sub_001_1,ord_001,br_001,CONFIRMED,4005,SUB-2011,2026-05-15T00:00:00Z,2026-05-15T00:00:00Z
sub_001_2,ord_001,br_002,CONFIRMED,4005,SUB-2012,2026-05-15T00:00:00Z,2026-05-15T00:00:00Z
sub_002_1,ord_002,br_002,CONFIRMED,4010,SUB-2021,2026-05-15T00:00:00Z,2026-05-15T00:00:00Z
sub_002_2,ord_002,br_003,CONFIRMED,4010,SUB-2022,2026-05-15T00:00:00Z,2026-05-15T00:00:00Z
sub_003_1,ord_003,br_003,CONFIRMED,4015,SUB-2031,2026-05-15T00:00:00Z,2026-05-15T00:00:00Z
sub_003_2,ord_003,br_004,CONFIRMED,4015,SUB-2032,2026-05-15T00:00:00Z,2026-05-15T00:00:00Z
sub_004_1,ord_004,br_004,CONFIRMED,4020,SUB-2041,2026-05-15T00:00:00Z,2026-05-15T00:00:00Z
sub_004_2,ord_004,br_005,CONFIRMED,4020,SUB-2042,2026-05-15T00:00:00Z,2026-05-15T00:00:00Z
sub_005_1,ord_005,br_005,CONFIRMED,4025,SUB-2051,2026-05-15T00:00:00Z,2026-05-15T00:00:00Z
sub_005_2,ord_005,br_006,CONFIRMED,4025,SUB-2052,2026-05-15T00:00:00Z,2026-05-15T00:00:00Z
sub_006_1,ord_006,br_006,CONFIRMED,4030,SUB-2061,2026-05-15T00:00:00Z,2026-05-15T00:00:00Z
sub_006_2,ord_006,br_007,CONFIRMED,4030,SUB-2062,2026-05-15T00:00:00Z,2026-05-15T00:00:00Z
sub_007_1,ord_007,br_007,CONFIRMED,4035,SUB-2071,2026-05-15T00:00:00Z,2026-05-15T00:00:00Z
sub_007_2,ord_007,br_008,CONFIRMED,4035,SUB-2072,2026-05-15T00:00:00Z,2026-05-15T00:00:00Z
sub_008_1,ord_008,br_008,CONFIRMED,4040,SUB-2081,2026-05-15T00:00:00Z,2026-05-15T00:00:00Z
sub_008_2,ord_008,br_009,CONFIRMED,4040,SUB-2082,2026-05-15T00:00:00Z,2026-05-15T00:00:00Z
sub_009_1,ord_009,br_009,CONFIRMED,4045,SUB-2091,2026-05-15T00:00:00Z,2026-05-15T00:00:00Z
sub_009_2,ord_009,br_010,CONFIRMED,4045,SUB-2092,2026-05-15T00:00:00Z,2026-05-15T00:00:00Z
sub_010_1,ord_010,br_010,CONFIRMED,4050,SUB-2101,2026-05-15T00:00:00Z,2026-05-15T00:00:00Z
sub_010_2,ord_010,br_011,CONFIRMED,4050,SUB-2102,2026-05-15T00:00:00Z,2026-05-15T00:00:00Z
sub_011_1,ord_011,br_011,CONFIRMED,4055,SUB-2111,2026-05-15T00:00:00Z,2026-05-15T00:00:00Z
sub_011_2,ord_011,br_012,CONFIRMED,4055,SUB-2112,2026-05-15T00:00:00Z,2026-05-15T00:00:00Z
sub_012_1,ord_012,br_012,CONFIRMED,4060,SUB-2121,2026-05-15T00:00:00Z,2026-05-15T00:00:00Z
sub_012_2,ord_012,br_013,CONFIRMED,4060,SUB-2122,2026-05-15T00:00:00Z,2026-05-15T00:00:00Z
sub_013_1,ord_013,br_013,CONFIRMED,4065,SUB-2131,2026-05-15T00:00:00Z,2026-05-15T00:00:00Z
sub_013_2,ord_013,br_014,CONFIRMED,4065,SUB-2132,2026-05-15T00:00:00Z,2026-05-15T00:00:00Z
sub_014_1,ord_014,br_014,CONFIRMED,4070,SUB-2141,2026-05-15T00:00:00Z,2026-05-15T00:00:00Z
sub_014_2,ord_014,br_015,CONFIRMED,4070,SUB-2142,2026-05-15T00:00:00Z,2026-05-15T00:00:00Z
sub_015_1,ord_015,br_015,CONFIRMED,4075,SUB-2151,2026-05-15T00:00:00Z,2026-05-15T00:00:00Z
sub_015_2,ord_015,br_016,CONFIRMED,4075,SUB-2152,2026-05-15T00:00:00Z,2026-05-15T00:00:00Z
sub_016_1,ord_016,br_016,CONFIRMED,4080,SUB-2161,2026-05-15T00:00:00Z,2026-05-15T00:00:00Z
sub_016_2,ord_016,br_017,CONFIRMED,4080,SUB-2162,2026-05-15T00:00:00Z,2026-05-15T00:00:00Z
sub_017_1,ord_017,br_017,CONFIRMED,4085,SUB-2171,2026-05-15T00:00:00Z,2026-05-15T00:00:00Z
sub_017_2,ord_017,br_018,CONFIRMED,4085,SUB-2172,2026-05-15T00:00:00Z,2026-05-15T00:00:00Z
sub_018_1,ord_018,br_018,CONFIRMED,4090,SUB-2181,2026-05-15T00:00:00Z,2026-05-15T00:00:00Z
sub_018_2,ord_018,br_019,CONFIRMED,4090,SUB-2182,2026-05-15T00:00:00Z,2026-05-15T00:00:00Z
sub_019_1,ord_019,br_019,CONFIRMED,4095,SUB-2191,2026-05-15T00:00:00Z,2026-05-15T00:00:00Z
sub_019_2,ord_019,br_020,CONFIRMED,4095,SUB-2192,2026-05-15T00:00:00Z,2026-05-15T00:00:00Z
sub_020_1,ord_020,br_020,CONFIRMED,4100,SUB-2201,2026-05-15T00:00:00Z,2026-05-15T00:00:00Z
sub_020_2,ord_020,br_021,CONFIRMED,4100,SUB-2202,2026-05-15T00:00:00Z,2026-05-15T00:00:00Z
sub_021_1,ord_021,br_021,CONFIRMED,4105,SUB-2211,2026-05-15T00:00:00Z,2026-05-15T00:00:00Z
sub_021_2,ord_021,br_022,CONFIRMED,4105,SUB-2212,2026-05-15T00:00:00Z,2026-05-15T00:00:00Z
sub_022_1,ord_022,br_022,CONFIRMED,4110,SUB-2221,2026-05-15T00:00:00Z,2026-05-15T00:00:00Z
sub_022_2,ord_022,br_023,CONFIRMED,4110,SUB-2222,2026-05-15T00:00:00Z,2026-05-15T00:00:00Z
sub_023_1,ord_023,br_023,CONFIRMED,4115,SUB-2231,2026-05-15T00:00:00Z,2026-05-15T00:00:00Z
sub_023_2,ord_023,br_024,CONFIRMED,4115,SUB-2232,2026-05-15T00:00:00Z,2026-05-15T00:00:00Z
sub_024_1,ord_024,br_024,CONFIRMED,4120,SUB-2241,2026-05-15T00:00:00Z,2026-05-15T00:00:00Z
sub_024_2,ord_024,br_025,CONFIRMED,4120,SUB-2242,2026-05-15T00:00:00Z,2026-05-15T00:00:00Z
sub_025_1,ord_025,br_025,CONFIRMED,4125,SUB-2251,2026-05-15T00:00:00Z,2026-05-15T00:00:00Z
sub_025_2,ord_025,br_026,CONFIRMED,4125,SUB-2252,2026-05-15T00:00:00Z,2026-05-15T00:00:00Z
sub_026_1,ord_026,br_026,CONFIRMED,4130,SUB-2261,2026-05-15T00:00:00Z,2026-05-15T00:00:00Z
sub_026_2,ord_026,br_027,CONFIRMED,4130,SUB-2262,2026-05-15T00:00:00Z,2026-05-15T00:00:00Z
sub_027_1,ord_027,br_027,CONFIRMED,4135,SUB-2271,2026-05-15T00:00:00Z,2026-05-15T00:00:00Z
sub_027_2,ord_027,br_028,CONFIRMED,4135,SUB-2272,2026-05-15T00:00:00Z,2026-05-15T00:00:00Z
sub_028_1,ord_028,br_028,CONFIRMED,4140,SUB-2281,2026-05-15T00:00:00Z,2026-05-15T00:00:00Z
sub_028_2,ord_028,br_029,CONFIRMED,4140,SUB-2282,2026-05-15T00:00:00Z,2026-05-15T00:00:00Z
sub_029_1,ord_029,br_029,CONFIRMED,4145,SUB-2291,2026-05-15T00:00:00Z,2026-05-15T00:00:00Z
sub_029_2,ord_029,br_030,CONFIRMED,4145,SUB-2292,2026-05-15T00:00:00Z,2026-05-15T00:00:00Z
sub_030_1,ord_030,br_030,CONFIRMED,4150,SUB-2301,2026-05-15T00:00:00Z,2026-05-15T00:00:00Z
sub_030_2,ord_030,br_031,CONFIRMED,4150,SUB-2302,2026-05-15T00:00:00Z,2026-05-15T00:00:00Z
sub_031_1,ord_031,br_031,CONFIRMED,4155,SUB-2311,2026-05-15T00:00:00Z,2026-05-15T00:00:00Z
sub_031_2,ord_031,br_032,CONFIRMED,4155,SUB-2312,2026-05-15T00:00:00Z,2026-05-15T00:00:00Z
sub_032_1,ord_032,br_032,CONFIRMED,4160,SUB-2321,2026-05-15T00:00:00Z,2026-05-15T00:00:00Z
sub_032_2,ord_032,br_033,CONFIRMED,4160,SUB-2322,2026-05-15T00:00:00Z,2026-05-15T00:00:00Z
sub_033_1,ord_033,br_033,CONFIRMED,4165,SUB-2331,2026-05-15T00:00:00Z,2026-05-15T00:00:00Z
sub_033_2,ord_033,br_034,CONFIRMED,4165,SUB-2332,2026-05-15T00:00:00Z,2026-05-15T00:00:00Z
sub_034_1,ord_034,br_034,CONFIRMED,4170,SUB-2341,2026-05-15T00:00:00Z,2026-05-15T00:00:00Z
sub_034_2,ord_034,br_035,CONFIRMED,4170,SUB-2342,2026-05-15T00:00:00Z,2026-05-15T00:00:00Z
sub_035_1,ord_035,br_035,CONFIRMED,4175,SUB-2351,2026-05-15T00:00:00Z,2026-05-15T00:00:00Z
sub_035_2,ord_035,br_036,CONFIRMED,4175,SUB-2352,2026-05-15T00:00:00Z,2026-05-15T00:00:00Z
sub_036_1,ord_036,br_036,CONFIRMED,4180,SUB-2361,2026-05-15T00:00:00Z,2026-05-15T00:00:00Z
sub_036_2,ord_036,br_037,CONFIRMED,4180,SUB-2362,2026-05-15T00:00:00Z,2026-05-15T00:00:00Z
sub_037_1,ord_037,br_037,CONFIRMED,4185,SUB-2371,2026-05-15T00:00:00Z,2026-05-15T00:00:00Z
sub_037_2,ord_037,br_038,CONFIRMED,4185,SUB-2372,2026-05-15T00:00:00Z,2026-05-15T00:00:00Z
sub_038_1,ord_038,br_038,CONFIRMED,4190,SUB-2381,2026-05-15T00:00:00Z,2026-05-15T00:00:00Z
sub_038_2,ord_038,br_039,CONFIRMED,4190,SUB-2382,2026-05-15T00:00:00Z,2026-05-15T00:00:00Z
sub_039_1,ord_039,br_039,CONFIRMED,4195,SUB-2391,2026-05-15T00:00:00Z,2026-05-15T00:00:00Z
sub_039_2,ord_039,br_040,CONFIRMED,4195,SUB-2392,2026-05-15T00:00:00Z,2026-05-15T00:00:00Z
sub_040_1,ord_040,br_040,CONFIRMED,4200,SUB-2401,2026-05-15T00:00:00Z,2026-05-15T00:00:00Z
sub_040_2,ord_040,br_041,CONFIRMED,4200,SUB-2402,2026-05-15T00:00:00Z,2026-05-15T00:00:00Z
sub_041_1,ord_041,br_041,CONFIRMED,4205,SUB-2411,2026-05-15T00:00:00Z,2026-05-15T00:00:00Z
sub_041_2,ord_041,br_042,CONFIRMED,4205,SUB-2412,2026-05-15T00:00:00Z,2026-05-15T00:00:00Z
sub_042_1,ord_042,br_042,CONFIRMED,4210,SUB-2421,2026-05-15T00:00:00Z,2026-05-15T00:00:00Z
sub_042_2,ord_042,br_043,CONFIRMED,4210,SUB-2422,2026-05-15T00:00:00Z,2026-05-15T00:00:00Z
sub_043_1,ord_043,br_043,CONFIRMED,4215,SUB-2431,2026-05-15T00:00:00Z,2026-05-15T00:00:00Z
sub_043_2,ord_043,br_044,CONFIRMED,4215,SUB-2432,2026-05-15T00:00:00Z,2026-05-15T00:00:00Z
sub_044_1,ord_044,br_044,CONFIRMED,4220,SUB-2441,2026-05-15T00:00:00Z,2026-05-15T00:00:00Z
sub_044_2,ord_044,br_045,CONFIRMED,4220,SUB-2442,2026-05-15T00:00:00Z,2026-05-15T00:00:00Z
sub_045_1,ord_045,br_045,CONFIRMED,4225,SUB-2451,2026-05-15T00:00:00Z,2026-05-15T00:00:00Z
sub_045_2,ord_045,br_046,CONFIRMED,4225,SUB-2452,2026-05-15T00:00:00Z,2026-05-15T00:00:00Z
sub_046_1,ord_046,br_046,CONFIRMED,4230,SUB-2461,2026-05-15T00:00:00Z,2026-05-15T00:00:00Z
sub_046_2,ord_046,br_047,CONFIRMED,4230,SUB-2462,2026-05-15T00:00:00Z,2026-05-15T00:00:00Z
sub_047_1,ord_047,br_047,CONFIRMED,4235,SUB-2471,2026-05-15T00:00:00Z,2026-05-15T00:00:00Z
sub_047_2,ord_047,br_048,CONFIRMED,4235,SUB-2472,2026-05-15T00:00:00Z,2026-05-15T00:00:00Z
sub_048_1,ord_048,br_048,CONFIRMED,4240,SUB-2481,2026-05-15T00:00:00Z,2026-05-15T00:00:00Z
sub_048_2,ord_048,br_049,CONFIRMED,4240,SUB-2482,2026-05-15T00:00:00Z,2026-05-15T00:00:00Z
sub_049_1,ord_049,br_049,CONFIRMED,4245,SUB-2491,2026-05-15T00:00:00Z,2026-05-15T00:00:00Z
sub_049_2,ord_049,br_050,CONFIRMED,4245,SUB-2492,2026-05-15T00:00:00Z,2026-05-15T00:00:00Z
sub_050_1,ord_050,br_050,CONFIRMED,4250,SUB-2501,2026-05-15T00:00:00Z,2026-05-15T00:00:00Z
sub_050_2,ord_050,br_001,CONFIRMED,4250,SUB-2502,2026-05-15T00:00:00Z,2026-05-15T00:00:00Z
sub_051_1,ord_051,br_001,CONFIRMED,4255,SUB-2511,2026-05-15T00:00:00Z,2026-05-15T00:00:00Z
sub_051_2,ord_051,br_002,CONFIRMED,4255,SUB-2512,2026-05-15T00:00:00Z,2026-05-15T00:00:00Z
sub_052_1,ord_052,br_002,CONFIRMED,4260,SUB-2521,2026-05-15T00:00:00Z,2026-05-15T00:00:00Z
sub_052_2,ord_052,br_003,CONFIRMED,4260,SUB-2522,2026-05-15T00:00:00Z,2026-05-15T00:00:00Z
sub_053_1,ord_053,br_003,CONFIRMED,4265,SUB-2531,2026-05-15T00:00:00Z,2026-05-15T00:00:00Z
sub_053_2,ord_053,br_004,CONFIRMED,4265,SUB-2532,2026-05-15T00:00:00Z,2026-05-15T00:00:00Z
sub_054_1,ord_054,br_004,CONFIRMED,4270,SUB-2541,2026-05-15T00:00:00Z,2026-05-15T00:00:00Z
sub_054_2,ord_054,br_005,CONFIRMED,4270,SUB-2542,2026-05-15T00:00:00Z,2026-05-15T00:00:00Z
sub_055_1,ord_055,br_005,CONFIRMED,4275,SUB-2551,2026-05-15T00:00:00Z,2026-05-15T00:00:00Z
sub_055_2,ord_055,br_006,CONFIRMED,4275,SUB-2552,2026-05-15T00:00:00Z,2026-05-15T00:00:00Z
sub_056_1,ord_056,br_006,CONFIRMED,4280,SUB-2561,2026-05-15T00:00:00Z,2026-05-15T00:00:00Z
sub_056_2,ord_056,br_007,CONFIRMED,4280,SUB-2562,2026-05-15T00:00:00Z,2026-05-15T00:00:00Z
sub_057_1,ord_057,br_007,CONFIRMED,4285,SUB-2571,2026-05-15T00:00:00Z,2026-05-15T00:00:00Z
sub_057_2,ord_057,br_008,CONFIRMED,4285,SUB-2572,2026-05-15T00:00:00Z,2026-05-15T00:00:00Z
sub_058_1,ord_058,br_008,CONFIRMED,4290,SUB-2581,2026-05-15T00:00:00Z,2026-05-15T00:00:00Z
sub_058_2,ord_058,br_009,CONFIRMED,4290,SUB-2582,2026-05-15T00:00:00Z,2026-05-15T00:00:00Z
sub_059_1,ord_059,br_009,CONFIRMED,4295,SUB-2591,2026-05-15T00:00:00Z,2026-05-15T00:00:00Z
sub_059_2,ord_059,br_010,CONFIRMED,4295,SUB-2592,2026-05-15T00:00:00Z,2026-05-15T00:00:00Z
sub_060_1,ord_060,br_010,CONFIRMED,4300,SUB-2601,2026-05-15T00:00:00Z,2026-05-15T00:00:00Z
sub_060_2,ord_060,br_011,CONFIRMED,4300,SUB-2602,2026-05-15T00:00:00Z,2026-05-15T00:00:00Z
sub_061_1,ord_061,br_011,CONFIRMED,4305,SUB-2611,2026-05-15T00:00:00Z,2026-05-15T00:00:00Z
sub_061_2,ord_061,br_012,CONFIRMED,4305,SUB-2612,2026-05-15T00:00:00Z,2026-05-15T00:00:00Z
sub_062_1,ord_062,br_012,CONFIRMED,4310,SUB-2621,2026-05-15T00:00:00Z,2026-05-15T00:00:00Z
sub_062_2,ord_062,br_013,CONFIRMED,4310,SUB-2622,2026-05-15T00:00:00Z,2026-05-15T00:00:00Z
sub_063_1,ord_063,br_013,CONFIRMED,4315,SUB-2631,2026-05-15T00:00:00Z,2026-05-15T00:00:00Z
sub_063_2,ord_063,br_014,CONFIRMED,4315,SUB-2632,2026-05-15T00:00:00Z,2026-05-15T00:00:00Z
sub_064_1,ord_064,br_014,CONFIRMED,4320,SUB-2641,2026-05-15T00:00:00Z,2026-05-15T00:00:00Z
sub_064_2,ord_064,br_015,CONFIRMED,4320,SUB-2642,2026-05-15T00:00:00Z,2026-05-15T00:00:00Z
sub_065_1,ord_065,br_015,CONFIRMED,4325,SUB-2651,2026-05-15T00:00:00Z,2026-05-15T00:00:00Z
sub_065_2,ord_065,br_016,CONFIRMED,4325,SUB-2652,2026-05-15T00:00:00Z,2026-05-15T00:00:00Z
sub_066_1,ord_066,br_016,CONFIRMED,4330,SUB-2661,2026-05-15T00:00:00Z,2026-05-15T00:00:00Z
sub_066_2,ord_066,br_017,CONFIRMED,4330,SUB-2662,2026-05-15T00:00:00Z,2026-05-15T00:00:00Z
sub_067_1,ord_067,br_017,CONFIRMED,4335,SUB-2671,2026-05-15T00:00:00Z,2026-05-15T00:00:00Z
sub_067_2,ord_067,br_018,CONFIRMED,4335,SUB-2672,2026-05-15T00:00:00Z,2026-05-15T00:00:00Z
sub_068_1,ord_068,br_018,CONFIRMED,4340,SUB-2681,2026-05-15T00:00:00Z,2026-05-15T00:00:00Z
sub_068_2,ord_068,br_019,CONFIRMED,4340,SUB-2682,2026-05-15T00:00:00Z,2026-05-15T00:00:00Z
sub_069_1,ord_069,br_019,CONFIRMED,4345,SUB-2691,2026-05-15T00:00:00Z,2026-05-15T00:00:00Z
sub_069_2,ord_069,br_020,CONFIRMED,4345,SUB-2692,2026-05-15T00:00:00Z,2026-05-15T00:00:00Z
sub_070_1,ord_070,br_020,CONFIRMED,4350,SUB-2701,2026-05-15T00:00:00Z,2026-05-15T00:00:00Z
sub_070_2,ord_070,br_021,CONFIRMED,4350,SUB-2702,2026-05-15T00:00:00Z,2026-05-15T00:00:00Z
sub_071_1,ord_071,br_021,CONFIRMED,4355,SUB-2711,2026-05-15T00:00:00Z,2026-05-15T00:00:00Z
sub_071_2,ord_071,br_022,CONFIRMED,4355,SUB-2712,2026-05-15T00:00:00Z,2026-05-15T00:00:00Z
sub_072_1,ord_072,br_022,CONFIRMED,4360,SUB-2721,2026-05-15T00:00:00Z,2026-05-15T00:00:00Z
sub_072_2,ord_072,br_023,CONFIRMED,4360,SUB-2722,2026-05-15T00:00:00Z,2026-05-15T00:00:00Z
sub_073_1,ord_073,br_023,CONFIRMED,4365,SUB-2731,2026-05-15T00:00:00Z,2026-05-15T00:00:00Z
sub_073_2,ord_073,br_024,CONFIRMED,4365,SUB-2732,2026-05-15T00:00:00Z,2026-05-15T00:00:00Z
sub_074_1,ord_074,br_024,CONFIRMED,4370,SUB-2741,2026-05-15T00:00:00Z,2026-05-15T00:00:00Z
sub_074_2,ord_074,br_025,CONFIRMED,4370,SUB-2742,2026-05-15T00:00:00Z,2026-05-15T00:00:00Z
sub_075_1,ord_075,br_025,CONFIRMED,4375,SUB-2751,2026-05-15T00:00:00Z,2026-05-15T00:00:00Z
sub_075_2,ord_075,br_026,CONFIRMED,4375,SUB-2752,2026-05-15T00:00:00Z,2026-05-15T00:00:00Z
sub_076_1,ord_076,br_026,CONFIRMED,4380,SUB-2761,2026-05-15T00:00:00Z,2026-05-15T00:00:00Z
sub_076_2,ord_076,br_027,CONFIRMED,4380,SUB-2762,2026-05-15T00:00:00Z,2026-05-15T00:00:00Z
sub_077_1,ord_077,br_027,CONFIRMED,4385,SUB-2771,2026-05-15T00:00:00Z,2026-05-15T00:00:00Z
sub_077_2,ord_077,br_028,CONFIRMED,4385,SUB-2772,2026-05-15T00:00:00Z,2026-05-15T00:00:00Z
sub_078_1,ord_078,br_028,CONFIRMED,4390,SUB-2781,2026-05-15T00:00:00Z,2026-05-15T00:00:00Z
sub_078_2,ord_078,br_029,CONFIRMED,4390,SUB-2782,2026-05-15T00:00:00Z,2026-05-15T00:00:00Z
sub_079_1,ord_079,br_029,CONFIRMED,4395,SUB-2791,2026-05-15T00:00:00Z,2026-05-15T00:00:00Z
sub_079_2,ord_079,br_030,CONFIRMED,4395,SUB-2792,2026-05-15T00:00:00Z,2026-05-15T00:00:00Z
sub_080_1,ord_080,br_030,CONFIRMED,4400,SUB-2801,2026-05-15T00:00:00Z,2026-05-15T00:00:00Z
sub_080_2,ord_080,br_031,CONFIRMED,4400,SUB-2802,2026-05-15T00:00:00Z,2026-05-15T00:00:00Z
sub_081_1,ord_081,br_031,CONFIRMED,4405,SUB-2811,2026-05-15T00:00:00Z,2026-05-15T00:00:00Z
sub_081_2,ord_081,br_032,CONFIRMED,4405,SUB-2812,2026-05-15T00:00:00Z,2026-05-15T00:00:00Z
sub_082_1,ord_082,br_032,CONFIRMED,4410,SUB-2821,2026-05-15T00:00:00Z,2026-05-15T00:00:00Z
sub_082_2,ord_082,br_033,CONFIRMED,4410,SUB-2822,2026-05-15T00:00:00Z,2026-05-15T00:00:00Z
sub_083_1,ord_083,br_033,CONFIRMED,4415,SUB-2831,2026-05-15T00:00:00Z,2026-05-15T00:00:00Z
sub_083_2,ord_083,br_034,CONFIRMED,4415,SUB-2832,2026-05-15T00:00:00Z,2026-05-15T00:00:00Z
sub_084_1,ord_084,br_034,CONFIRMED,4420,SUB-2841,2026-05-15T00:00:00Z,2026-05-15T00:00:00Z
sub_084_2,ord_084,br_035,CONFIRMED,4420,SUB-2842,2026-05-15T00:00:00Z,2026-05-15T00:00:00Z
sub_085_1,ord_085,br_035,CONFIRMED,4425,SUB-2851,2026-05-15T00:00:00Z,2026-05-15T00:00:00Z
sub_085_2,ord_085,br_036,CONFIRMED,4425,SUB-2852,2026-05-15T00:00:00Z,2026-05-15T00:00:00Z
sub_086_1,ord_086,br_036,CONFIRMED,4430,SUB-2861,2026-05-15T00:00:00Z,2026-05-15T00:00:00Z
sub_086_2,ord_086,br_037,CONFIRMED,4430,SUB-2862,2026-05-15T00:00:00Z,2026-05-15T00:00:00Z
sub_087_1,ord_087,br_037,CONFIRMED,4435,SUB-2871,2026-05-15T00:00:00Z,2026-05-15T00:00:00Z
sub_087_2,ord_087,br_038,CONFIRMED,4435,SUB-2872,2026-05-15T00:00:00Z,2026-05-15T00:00:00Z
sub_088_1,ord_088,br_038,CONFIRMED,4440,SUB-2881,2026-05-15T00:00:00Z,2026-05-15T00:00:00Z
sub_088_2,ord_088,br_039,CONFIRMED,4440,SUB-2882,2026-05-15T00:00:00Z,2026-05-15T00:00:00Z
sub_089_1,ord_089,br_039,CONFIRMED,4445,SUB-2891,2026-05-15T00:00:00Z,2026-05-15T00:00:00Z
sub_089_2,ord_089,br_040,CONFIRMED,4445,SUB-2892,2026-05-15T00:00:00Z,2026-05-15T00:00:00Z
sub_090_1,ord_090,br_040,CONFIRMED,4450,SUB-2901,2026-05-15T00:00:00Z,2026-05-15T00:00:00Z
sub_090_2,ord_090,br_041,CONFIRMED,4450,SUB-2902,2026-05-15T00:00:00Z,2026-05-15T00:00:00Z
sub_091_1,ord_091,br_041,CONFIRMED,4455,SUB-2911,2026-05-15T00:00:00Z,2026-05-15T00:00:00Z
sub_091_2,ord_091,br_042,CONFIRMED,4455,SUB-2912,2026-05-15T00:00:00Z,2026-05-15T00:00:00Z
sub_092_1,ord_092,br_042,CONFIRMED,4460,SUB-2921,2026-05-15T00:00:00Z,2026-05-15T00:00:00Z
sub_092_2,ord_092,br_043,CONFIRMED,4460,SUB-2922,2026-05-15T00:00:00Z,2026-05-15T00:00:00Z
sub_093_1,ord_093,br_043,CONFIRMED,4465,SUB-2931,2026-05-15T00:00:00Z,2026-05-15T00:00:00Z
sub_093_2,ord_093,br_044,CONFIRMED,4465,SUB-2932,2026-05-15T00:00:00Z,2026-05-15T00:00:00Z
sub_094_1,ord_094,br_044,CONFIRMED,4470,SUB-2941,2026-05-15T00:00:00Z,2026-05-15T00:00:00Z
sub_094_2,ord_094,br_045,CONFIRMED,4470,SUB-2942,2026-05-15T00:00:00Z,2026-05-15T00:00:00Z
sub_095_1,ord_095,br_045,CONFIRMED,4475,SUB-2951,2026-05-15T00:00:00Z,2026-05-15T00:00:00Z
sub_095_2,ord_095,br_046,CONFIRMED,4475,SUB-2952,2026-05-15T00:00:00Z,2026-05-15T00:00:00Z
sub_096_1,ord_096,br_046,CONFIRMED,4480,SUB-2961,2026-05-15T00:00:00Z,2026-05-15T00:00:00Z
sub_096_2,ord_096,br_047,CONFIRMED,4480,SUB-2962,2026-05-15T00:00:00Z,2026-05-15T00:00:00Z
sub_097_1,ord_097,br_047,CONFIRMED,4485,SUB-2971,2026-05-15T00:00:00Z,2026-05-15T00:00:00Z
sub_097_2,ord_097,br_048,CONFIRMED,4485,SUB-2972,2026-05-15T00:00:00Z,2026-05-15T00:00:00Z
sub_098_1,ord_098,br_048,CONFIRMED,4490,SUB-2981,2026-05-15T00:00:00Z,2026-05-15T00:00:00Z
sub_098_2,ord_098,br_049,CONFIRMED,4490,SUB-2982,2026-05-15T00:00:00Z,2026-05-15T00:00:00Z
sub_099_1,ord_099,br_049,CONFIRMED,4495,SUB-2991,2026-05-15T00:00:00Z,2026-05-15T00:00:00Z
sub_099_2,ord_099,br_050,CONFIRMED,4495,SUB-2992,2026-05-15T00:00:00Z,2026-05-15T00:00:00Z
sub_100_1,ord_100,br_050,CONFIRMED,4500,SUB-3001,2026-05-15T00:00:00Z,2026-05-15T00:00:00Z
sub_100_2,ord_100,br_001,CONFIRMED,4500,SUB-3002,2026-05-15T00:00:00Z,2026-05-15T00:00:00Z
