id,email,full_name,password,google_id,auth_provider,role,brand_id,created_at,updated_at
usr_admin,admin@broady.test,Broady Admin,,,LOCAL,ADMIN,,2026-05-15T00:00:00Z,2026-05-15T00:00:00Z
usr_001,user1@example.test,User 1,hashed-password,,LOCAL,USER,,2026-05-15T00:00:00Z,2026-05-15T00:00:00Z
usr_002,user2@example.test,User 2,hashed-password,,LOCAL,USER,,2026-05-15T00:00:00Z,2026-05-15T00:00:00Z
usr_003,user3@example.test,User 3,hashed-password,,LOCAL,USER,,2026-05-15T00:00:00Z,2026-05-15T00:00:00Z
usr_004,user4@example.test,User 4,hashed-password,,LOCAL,USER,,2026-05-15T00:00:00Z,2026-05-15T00:00:00Z
usr_005,user5@example.test,User 5,hashed-password,,LOCAL,USER,,2026-05-15T00:00:00Z,2026-05-15T00:00:00Z
usr_006,user6@example.test,User 6,hashed-password,,LOCAL,USER,,2026-05-15T00:00:00Z,2026-05-15T00:00:00Z
usr_007,user7@example.test,User 7,hashed-password,,LOCAL,USER,,2026-05-15T00:00:00Z,2026-05-15T00:00:00Z
usr_008,user8@example.test,User 8,hashed-password,,LOCAL,USER,,2026-05-15T00:00:00Z,2026-05-15T00:00:00Z
usr_009,user9@example.test,User 9,hashed-password,,LOCAL,USER,,2026-05-15T00:00:00Z,2026-05-15T00:00:00Z
usr_010,user10@example.test,User 10,hashed-password,,LOCAL,USER,,2026-05-15T00:00:00Z,2026-05-15T00:00:00Z
usr_011,user11@example.test,User 11,hashed-password,,LOCAL,USER,,2026-05-15T00:00:00Z,2026-05-15T00:00:00Z
usr_012,user12@example.test,User 12,hashed-password,,LOCAL,USER,,2026-05-15T00:00:00Z,2026-05-15T00:00:00Z
usr_013,user13@example.test,User 13,hashed-password,,LOCAL,USER,,2026-05-15T00:00:00Z,2026-05-15T00:00:00Z
usr_014,user14@example.test,User 14,hashed-password,,LOCAL,USER,,2026-05-15T00:00:00Z,2026-05-15T00:00:00Z
usr_015,user15@example.test,User 15,hashed-password,,LOCAL,USER,,2026-05-15T00:00:00Z,2026-05-15T00:00:00Z
usr_016,user16@example.test,User 16,hashed-password,,LOCAL,USER,,2026-05-15T00:00:00Z,2026-05-15T00:00:00Z
usr_017,user17@example.test,User 17,hashed-password,,LOCAL,USER,,2026-05-15T00:00:00Z,2026-05-15T00:00:00Z
usr_018,user18@example.test,User 18,hashed-password,,LOCAL,USER,,2026-05-15T00:00:00Z,2026-05-15T00:00:00Z
usr_019,user19@example.test,User 19,hashed-password,,LOCAL,USER,,2026-05-15T00:00:00Z,2026-05-15T00:00:00Z
usr_020,user20@example.test,User 20,hashed-password,,LOCAL,USER,,2026-05-15T00:00:00Z,2026-05-15T00:00:00Z
usr_021,user21@example.test,User 21,hashed-password,,LOCAL,USER,,2026-05-15T00:00:00Z,2026-05-15T00:00:00Z
usr_022,user22@example.test,User 22,hashed-password,,LOCAL,USER,,2026-05-15T00:00:00Z,2026-05-15T00:00:00Z
usr_023,user23@example.test,User 23,hashed-password,,LOCAL,USER,,2026-05-15T00:00:00Z,2026-05-15T00:00:00Z
usr_024,user24@example.test,User 24,hashed-password,,LOCAL,USER,,2026-05-15T00:00:00Z,2026-05-15T00:00:00Z
usr_025,user25@example.test,User 25,hashed-password,,LOCAL,USER,,2026-05-15T00:00:00Z,2026-05-15T00:00:00Z
usr_026,user26@example.test,User 26,hashed-password,,LOCAL,USER,,2026-05-15T00:00:00Z,2026-05-15T00:00:00Z
usr_027,user27@example.test,User 27,hashed-password,,LOCAL,USER,,2026-05-15T00:00:00Z,2026-05-15T00:00:00Z
usr_028,user28@example.test,User 28,hashed-password,,LOCAL,USER,,2026-05-15T00:00:00Z,2026-05-15T00:00:00Z
usr_029,user29@example.test,User 29,hashed-password,,LOCAL,USER,,2026-05-15T00:00:00Z,2026-05-15T00:00:00Z
usr_030,user30@example.test,User 30,hashed-password,,LOCAL,USER,,2026-05-15T00:00:00Z,2026-05-15T00:00:00Z
usr_031,user31@example.test,User 31,hashed-password,,LOCAL,USER,,2026-05-15T00:00:00Z,2026-05-15T00:00:00Z
usr_032,user32@example.test,User 32,hashed-password,,LOCAL,USER,,2026-05-15T00:00:00Z,2026-05-15T00:00:00Z
usr_033,user33@example.test,User 33,hashed-password,,LOCAL,USER,,2026-05-15T00:00:00Z,2026-05-15T00:00:00Z
usr_034,user34@example.test,User 34,hashed-password,,LOCAL,USER,,2026-05-15T00:00:00Z,2026-05-15T00:00:00Z
usr_035,user35@example.test,User 35,hashed-password,,LOCAL,USER,,2026-05-15T00:00:00Z,2026-05-15T00:00:00Z
usr_036,user36@example.test,User 36,hashed-password,,LOCAL,USER,,2026-05-15T00:00:00Z,2026-05-15T00:00:00Z
usr_037,user37@example.test,User 37,hashed-password,,LOCAL,USER,,2026-05-15T00:00:00Z,2026-05-15T00:00:00Z
usr_038,user38@example.test,User 38,hashed-password,,LOCAL,USER,,2026-05-15T00:00:00Z,2026-05-15T00:00:00Z
usr_039,user39@example.test,User 39,hashed-password,,LOCAL,USER,,2026-05-15T00:00:00Z,2026-05-15T00:00:00Z
usr_040,user40@example.test,User 40,hashed-password,,LOCAL,USER,,2026-05-15T00:00:00Z,2026-05-15T00:00:00Z
usr_041,user41@example.test,User 41,hashed-password,,LOCAL,USER,,2026-05-15T00:00:00Z,2026-05-15T00:00:00Z
usr_042,user42@example.test,User 42,hashed-password,,LOCAL,USER,,2026-05-15T00:00:00Z,2026-05-15T00:00:00Z
usr_043,user43@example.test,User 43,hashed-password,,LOCAL,USER,,2026-05-15T00:00:00Z,2026-05-15T00:00:00Z
usr_044,user44@example.test,User 44,hashed-password,,LOCAL,USER,,2026-05-15T00:00:00Z,2026-05-15T00:00:00Z
usr_045,user45@example.test,User 45,hashed-password,,LOCAL,USER,,2026-05-15T00:00:00Z,2026-05-15T00:00:00Z
usr_046,user46@example.test,User 46,hashed-password,,LOCAL,USER,,2026-05-15T00:00:00Z,2026-05-15T00:00:00Z
usr_047,user47@example.test,User 47,hashed-password,,LOCAL,USER,,2026-05-15T00:00:00Z,2026-05-15T00:00:00Z
usr_048,user48@example.test,User 48,hashed-password,,LOCAL,USER,,2026-05-15T00:00:00Z,2026-05-15T00:00:00Z
usr_049,user49@example.test,User 49,hashed-password,,LOCAL,USER,,2026-05-15T00:00:00Z,2026-05-15T00:00:00Z
usr_050,user50@example.test,User 50,hashed-password,,LOCAL,USER,,2026-05-15T00:00:00Z,2026-05-15T00:00:00Z
usr_051,user51@example.test,User 51,hashed-password,,LOCAL,USER,,2026-05-15T00:00:00Z,2026-05-15T00:00:00Z
usr_052,user52@example.test,User 52,hashed-password,,LOCAL,USER,,2026-05-15T00:00:00Z,2026-05-15T00:00:00Z
usr_053,user53@example.test,User 53,hashed-password,,LOCAL,USER,,2026-05-15T00:00:00Z,2026-05-15T00:00:00Z
usr_054,user54@example.test,User 54,hashed-password,,LOCAL,USER,,2026-05-15T00:00:00Z,2026-05-15T00:00:00Z
usr_055,user55@example.test,User 55,hashed-password,,LOCAL,USER,,2026-05-15T00:00:00Z,2026-05-15T00:00:00Z
usr_heritage_mgr,manager@heritageloom.test,Hira Manager,,,LOCAL,BRAND,br_heritage,2026-05-15T00:00:00Z,2026-05-15T00:00:00Z
usr_nova_mgr,manager@novastitch.test,Nadia Manager,,,LOCAL,BRAND,br_nova,2026-05-15T00:00:00Z,2026-05-15T00:00:00Z
usr_verve_mgr,manager@verveatelier.test,Mina Verve,,,LOCAL,BRAND,br_verve,2026-05-15T00:00:00Z,2026-05-15T00:00:00Z
usr_mira_mgr,manager@miramode.test,Ayesha Mira,,,LOCAL,BRAND,br_mira,2026-05-15T00:00:00Z,2026-05-15T00:00:00Z
usr_rise_mgr,manager@risestudio.test,Zara Rise,,,LOCAL,BRAND,br_rise,2026-05-15T00:00:00Z,2026-05-15T00:00:00Z
usr_luna_mgr,manager@lunathreads.test,Luna Khan,,,LOCAL,BRAND,br_luna,2026-05-15T00:00:00Z,2026-05-15T00:00:00Z
